Name,Developer Name,Eline,Issue
AmCap,Archana,scrapy crawl store_803 -a list_id=803,
DRA Advisors,Prarthvi,scrapy crawl store_388 -a list_id=388,
Regency Centers,Prarthvi,scrapy crawl store_376 -a list_id=376,
Garden Commercial Properties,Nishant,scrapy crawl store_432 -a list_id=432,
Hawkins Companies,Nishant,scrapy crawl store_435 -a list_id=435,
JENEL Real Estate,Nishant,scrapy crawl store_437  -a list_id=437,
American Assets Trust,Nishant,scrapy crawl store_467 -a list_id=467,
DLC Management,Nishant,scrapy crawl store_473 -a list_id=473,
PREP Property Group,Prarthvi,scrapy crawl store_482 -a list_id=482,
Site Ceneter,Prarthvi,,Problem
Benderson Development,Dishant,scrapy crawl store_421 -a list_id=421 -a proxy_type=,
Brixton Capital,Dishant,scrapy crawl store_423 -a list_id=423 -a proxy_type=,
Cedar Realty Trust,Dishant,scrapy crawl store_425 -a list_id=425 -a proxy_type=,
Combined Properties,Archana,scrapy crawl store_427 -a list_id=427,
Katz Properties,Nishant,scrapy crawl store_438  -a list_id=438,
Nuveen,Khushbu,scrapy crawl store_445 -a list_id=445,
Pyramid Management,Prashant Singh,scrapy crawl store_462 -a list_id=462,
TEI Retail,Hemil,scrapy crawl store_463 -a list_id=463,
Albanese Cormier,Vijay,scrapy crawl store_465 -a list_id=465 -a proxy_type=,
Macerich,Shivam,scrapy crawl store_480 -a list_id=480,
NewMark Merrill Companies,Hemil,scrapy crawl store_481 -a list_id=481,
Phillips Edison & Company,Milan,scrapy crawl store_483 -a list_id=483,
Pacific Retail Capital Partners,Vijay,scrapy crawl store_650 -a list_id=650,
Namdar Realty Group,Mrudul,scrapy crawl store_708 -a list_id=708,
Rise Partners,Prarthvi,scrapy crawl store_709 -a list_id=709,
CenterCal Properties,Nishant,scrapy crawl store_710 -a list_id=710,
GK Development,Prarthvi,scrapy crawl store_433 -a list_id=433,
Peterson Companies,Takshil,scrapy crawl store_448 -a list_id=448,
Westwood Financial,Takshil,scrapy crawl store_498 -a list_id=498,
Inland Real Estate Acquisitions,Vijay,,
Hackney Real Estate Partners,Hemil,scrapy crawl store_477 -a list_id=477,
Southeast Centers,Khushbu,scrapy crawl store_804 -a list_id=804,
JCR Companies,Amit,scrapy crawl store_807 -a list_id=807,
Big V Property Group (BVPG),Hemil,scrapy crawl store_305 -a list_id=305,
Bayer Properties,Dishant,scrapy crawl store_420 -a list_id=420 -a proxy_type=,
CASTO,Dishant,scrapy crawl store_424 -a list_id=424,
Linear Retail Properties,Mrudul,scrapy crawl store_442 -a lis_id=442,
One Liberty Properties,Mrudul,scrapy crawl store_447,
Regency Properties,Mrudul,scrapy crawl store_485 -a list_id=485,
Urban Edge Properties,Milan,scrapy crawl store_494 -a list_id=495,
HSA Commercial Real Estate,Mrudul,,
PMAT,Mrudul,scrapy crawl store_689 -a list_id=689,
GBT Realty,Prarthvi,scrapy crawl store_311,
Majestic Realty Retail,Archana,scrapy crawl store_444 -a list_id=444,
Donahue Schriber,Prarthvi,,
Garner Group,Prarthvi,scrapy crawl store_721 -a list_id=721,
Ethan Conrad Properties,Takshil,scrapy crawl store_806 -a list_id=806,
Acadia Realty Trust,Takshil,scrapy crawl store_302 -a list_id=302,
Aston Properties,Prarthvi,scrapy crawl store_303 -a list_id=303,
Brixmor Property Group,Hemil,scrapy crawl store_306 -a list_id=306,
Chase Properties,Shivam,scrapy crawl store_308 -a list_id=308,
Cypress Equities,Mrudul,scrapy crawl store_429 -a list_id=429 -a proxy_type=,
Alexander & Baldwin,Nishant,scrapy crawl store_466 -a list_id=466,
Brookfield Properties,Mrudul,scrapy crawl store_468 -a list_id=468,
Cafaro,Nishant,scrapy crawl store_470 -a list_id=470,
CBL Properties,Takshil,scrapy crawl store_471 -a list_id=471,
Federal Realty Investment Trust,Vijay,scrapy crawl store_475 -a list_id=475,
Wheeler Real Estate Investment Trust (WHLR),Prarthvi,scrapy crawl store_499 -a list_id=499,
AEW,Amit,scrapy crawl store_685 -a list_id=685,
Coastal Equities,Amit,scrapy crawl store_805 -a list_id=805,
Cocca Development,Takshil,scrapy crawl store_426 -a list_id=426,
Choice Properties REIT Canada,Vijay,scrapy crawl store_428 -a list_id=428,
Halpern Enterprises,Takshil,scrapy crawl store_434 -a list_id=434,
JBG SMITH Properties,Nishant,scrapy crawl store_436 -a list_id=436,
Kite Realty Group,Prarthvi,scrapy crawl store_440 -a list_id=440,
Lamar Companies,Milan,scrapy crawl store_441 -a list_id=441,
RD Management,Takshil,scrapy crawl store_449 -a list_id=449,
RED Development,Prarthvi,scrapy crawl store_450 -a list_id=450,
InvenTrust Properties Corp,Aaksah,scrapy crawl store_478 -a list_id=478,
Rappaport,Takshil,scrapy crawl store_704 -a list_id=704,
Gumberg Asset Management Corp,Prarthvi,scrapy crawl store_726 -a list_id=726,
Janoura Realty & Management,Prarthvi,scrapy crawl store_728 -a list_id=728,
Fairway Investments,Takshil,scrapy crawl store_732 -a list_id=732,
Hudson Pacific Properties,Milan,scrapy crawl store_729 -a list_id=729,
Highwoods Properties,Nishant,scrapy crawl store_730 -a list_id=730,
Mack-Cali,Prarthvi,scrapy crawl store_731 -a list_id=731,
Harsch Investment Properties,Nishant,scrapy crawl store_733 -a list_id=733,
National Realty & Development Corp,Mrudul,scrapy crawl store_734 -a list_id=734,
Mason Asset Management,Prarthvi,scrapy crawl store_735 -a list_id=735,
LBX Investments,Takshil,scrapy crawl store_737 -a list_id=737,
ROIC Retail Opportunity Investments,Prarthvi,scrapy crawl store_452 -a list_id=452,
Sandor Development,Akash,scrapy crawl store_455 -a list_id=455,
Sterling Organization,Shivam,scrapy crawl store_457 -a list_id=457,
Taubman,Mrudul,scrapy crawl store_458 -a list_id=458,
The Bedrin Organization,Prashant Singh,scrapy crawl store_459 -a list_id=459,
The Goldenberg Group,Khushbu,scrapy crawl store_460 -a list_id=460,
The Vireo Group,Aaksah,scrapy crawl store_464 -a list_id=464,
Rivercrest Realty Investors,Mrudul,scrapy crawl store_487 -a list_id=487,
Unison Realty Partners,Milan,scrapy crawl store_494 -a list_id=494,
Urstadt Biddle Properties Inc,Prarthvi,scrapy crawl store_496 -a list_id=496,
Waterstone Properties,Takshil,scrapy crawl store_497 -a list_id=497,
Whitestone REIT,Takshil,scrapy crawl store_500 -a list_id=500,
World Class Property Company,Prarthvi,scrapy crawl store_501 -a list_id=501,
WS Development,Aaksah,scrapy crawl store_503 -a list_id=503,
Greenway Investment Co,Takshil,scrapy crawl store_706 -a list_id=706,
Madison Marquette,Nishant,scrapy crawl store_443 -a list_id=443,
RCG Ventures LLC,Nishant,scrapy crawl store_484 -a list_id=484,
RPAI (Retail Properties of America),Prashant Singh,scrapy crawl store_486 -a list_id=486,
Lerner Retail,Takshil,scrapy crawl store_705 -a list_id= 705,
Stark Enterprises,Takshil,scrapy crawl store_722 -a list_id=722,
EDENS,Milan,,
Continental Realty Corporation,Milan,,
Haagen Company,Shivam,scrapy crawl store_476 -a list_id=476,
Schottenstein Property Group,Milan,,
Alberta Development Partners,Shivam,,
Tabani Group,Hemil,,
Cadillac Fairview Canada,Milan,,
Washington Prime Group Inc,Takshil,scrapy crawl store_502 -a list_id=502,
Hull Property Group,Takshil,scrapy crawl store_688 -a list_id=688,
The Hadler Companies,Khushbu,,
Kilroy Realty Corporation,Khushbu,,
Blank Aschkenasy Properties,Khushbu,,Problem
Hines,Khushbu,,Problem
Ivanhoé Cambridge,Vijay,scrapy crawl store_479 -a list_id=479,
ShopCore,Takshil,scrapy crawl store_489,
Retail Value Inc,Mrudul,scrapy crawl store_453 -a list_id=453,
Saul Centers,Shivam,scrapy crawl store_456 -a list_id=456,
EB Arrow,Vijay,scrapy crawl store_686 -a list_id=686 -a proxy_type=,
Olshan Properties,Hemil,46,
Tucker Development,Hemil,scrapy crawl store_671 -a list_id=671,
Tolson Enterprises,Mrudul,scrapy crawl store_492 -a list_id=492,
Centennial Real Estate,Vijay,scrapy crawl store_307 -a list_id=307,
USAA Real Estate,Archana,scrapy crawl usaa_real_estate -a list_id=326 -a proxy_type=luminaty,
Orkin & Associates,Prarthvi,,
